feature,mean_abs_shap
worst concave points,0.9486047
worst texture,0.80515295
mean concave points,0.78305376
worst perimeter,0.7656627
area error,0.7242177
worst concavity,0.5523141
worst radius,0.5263898
worst area,0.50209606
mean texture,0.43928096
worst symmetry,0.30202073
mean smoothness,0.29153958
compactness error,0.2816414
worst smoothness,0.1937194
mean area,0.18069454
mean compactness,0.16824321
symmetry error,0.12840548
concave points error,0.08093895
radius error,0.0775661
mean concavity,0.05382633
mean radius,0.045557383
mean fractal dimension,0.044208486
worst compactness,0.035586208
fractal dimension error,0.035400905
perimeter error,0.031153684
smoothness error,0.028748637
concavity error,0.02152858
texture error,0.017026208
worst fractal dimension,0.0145686045
mean symmetry,0.010477073
mean perimeter,0.005540775
